pid,z_seed1,z_seed2,z_seed3,z_seed4,z_seed5,z_seed42,z_seed100,times_flagged,mean_z,crop,lat,lng
1618,14.766393641510222,11.021308931250593,9.312777240337539,16.41185106686133,11.842934843503668,10.807841713839956,25.633989271821925,7,14.256728101303606,Winter Barley,52.53832698121375,-6.571779640683127
2545,7.341281393106285,11.730487186192656,6.489102444741772,15.510682672635088,9.900645462636607,5.970404325026841,11.76730324242949,7,9.815700960966963,Spring Barley,52.6766062482247,-6.584312915604134
4580,7.671866908134758,15.807572532866251,7.466204861184509,13.289934313964292,6.771051035793332,8.73852467814226,8.590828064160267,7,9.762283199177954,Winter Wheat,52.91602513068695,-6.968266523233338
1519,8.70693712235129,10.614130683088556,8.295772675204338,7.608692401011468,9.747061517215396,13.398845480667593,9.776314048788397,7,9.735393418332434,Spring Barley,52.50724062227941,-6.682580011345217
1151,3.950202302647627,15.441559296135994,5.329379117828025,7.197500294100357,11.254238876673652,5.352054711382656,14.0541881493554,7,8.939874678303386,Spring Barley,52.490111183024894,-6.4862763534256525
2986,2.5929179244403047,4.62851777091858,2.4088075188401774,4.252141479644116,2.5138598706018658,6.8715205741643,38.01870330965206,6,8.755209778323058,Spring Barley,52.7665741298984,-6.935715909356137
4142,8.645366077576197,6.5811134471853885,16.06272405683633,10.061022526860665,5.65422322064883,6.053900938331683,7.230200917523944,7,8.612650169280434,Winter Wheat,52.81346839990323,-6.696522398741618
4289,6.300001905622586,9.623130615794809,7.036827483923054,10.934877671739194,6.029658655373567,8.843970145562741,11.044726930464309,7,8.54474191549718,Spring Barley,52.85792583064045,-6.268583486210321
4766,13.568785092873417,4.943621714549927,9.181659124711482,5.090965668227815,8.37191000744156,13.058526738515527,4.69468372816202,7,8.415736010640249,Winter Wheat,52.93386783345444,-6.727481414821416
4519,3.5992198270218156,2.9123078937620424,2.370183943438541,2.8819470871221444,3.416491192738382,34.679403447990275,5.9773086388107615,6,7.9766945758405665,Winter Barley,53.00165776328866,-6.899766478656689
4864,10.20659937743759,11.215214576849156,6.4204243986230685,13.33309243394988,6.078725860687697,3.85701056813576,4.058356703360174,7,7.881346274149047,Spring Barley,52.93050341534678,-6.247996489853516
1147,5.2397047015667795,14.193433536094226,7.979686908641915,3.762562559707119,7.313883942440394,5.672817808439426,9.233747309077291,7,7.627976680852449,Spring Barley,52.488793677402384,-6.482933870460104
3865,9.588571251280829,7.136725161402454,11.649499655153447,8.132357786115344,7.486460810902962,2.2159578106789906,3.1363593883772882,6,7.049418837701617,Winter Wheat,52.80255252972709,-6.798065659657622
1497,4.953910383227671,6.828399957040136,4.892289362799312,5.151212996829834,5.156291768686935,12.493710212780373,9.314513498725368,7,6.970046882869947,Maize,52.51641792036124,-6.691799568136267
924,6.5141070549399895,5.974095938116076,7.158720203249872,5.760507335871805,10.665606480968355,6.878592103808435,4.7342376218704345,7,6.812266676974995,Spring Barley,52.40407052967607,-6.767235590589659
3625,12.323644781464383,2.5342070765301368,9.869873806729226,2.6082245002425446,16.412631812971654,1.6825913456748918,2.0381731914014534,5,6.781335216430613,Winter Barley,52.81723591733565,-6.903480371953171
4510,5.748164562253382,7.232034556361407,6.912872918954147,6.12674242399347,5.857631354330043,5.324656288375257,8.485422862469038,7,6.526789280962391,Winter Wheat,52.96852239335205,-6.901523220663467
4337,9.70623055775341,5.17350815100374,4.731062613228995,5.697999282858367,7.210477057388898,4.0822502486826595,8.824793933134451,7,6.489474549150075,Winter Wheat,52.97396478749232,-7.151977685564379
3901,12.04583746787265,3.0281137226855077,12.08043680303426,2.948576017736526,4.805449934522274,3.157819723637864,7.315716788030639,7,6.483135779645674,Spring Wheat,52.8634589000973,-6.879571722972743
1860,8.248342109409013,5.837763302781107,6.468355285279467,5.357059719242467,4.937963590087126,7.111763122516758,5.618807062085478,7,6.22572202734306,Spring Barley,52.50680428335532,-6.46443657386806
3968,7.683356139429973,7.522386257557467,7.88958924324121,7.759387624576696,4.378571541069431,3.4576853752808496,4.683019100491441,7,6.1962850402352965,Winter Oats,52.828265979374656,-6.73334312629075
4375,8.472956351043967,6.4135799257587855,5.76096753981758,7.917607792779103,4.968478679112996,4.368305208903112,5.452996429564292,7,6.193555989568549,Spring Barley,52.95673847982469,-7.031162096200859
1206,9.75992533875306,4.438667560328853,6.159186320112689,3.690745190176274,7.749814492358077,4.425878950868988,7.019032094138327,7,6.177607135248038,Winter Oats,52.40250689414259,-6.370928037675456
1470,6.601492673618931,5.093215136068131,5.371760743764683,5.342937281090014,6.684877200361003,6.0248122510255095,7.936114180544487,7,6.150744209496108,Spring Barley,52.50777662789963,-6.689866642359528
3857,6.305690024093113,5.65914452404363,6.581268105225936,5.080091927513425,3.7261162668561827,8.106110104000848,7.50727877578539,7,6.137957103931218,Winter Wheat,52.81664664912354,-6.834216797913352
3708,13.23313114131014,4.969043310285299,5.147765406378482,5.118098433161016,4.921728619289156,4.817867112491157,4.7092541610656395,7,6.130984026282984,Spring Oats,52.85966313410945,-6.925711792781404
783,5.483643061588183,6.5557784399192744,16.078602227587403,4.146766929982027,2.130553082597258,4.698848620598242,3.3514028620512875,6,6.0636564606176675,Winter Wheat,52.45327410462209,-7.000884302423471
3291,14.57371676397313,4.241874742984192,3.4768032297108045,6.41892651009276,5.544962538032448,3.2317550739316023,4.746468910930113,7,6.033501109950721,Winter Wheat,52.75161520829579,-6.655504210038121
2124,3.3443693379593817,6.224654942415147,3.2693930663835005,14.642124076859062,3.99279035732018,5.804725472513319,4.396655966362913,7,5.953530459973358,Winter Wheat,52.60823405943737,-7.080627172502449
3376,9.216083728203852,3.657071834651841,5.5553161085414615,6.384280698068872,7.2724205633978904,6.933482222714608,2.4177251831065236,6,5.9194829055264355,Winter Barley,52.7288883726868,-6.584883349704747
3768,5.209043104537797,7.931915926432244,5.296396577900333,8.300942882428727,5.6737405085355785,4.409632759768504,4.58710724497609,7,5.915539857797039,Spring Barley,52.90206060807915,-6.830898571376413
564,5.0226254973313065,6.053795426519565,5.8618841178856504,7.95574617843661,5.548733221134765,4.700864282987411,5.536209607484745,7,5.811408333111436,Spring Barley,52.397048600459,-6.455894525992631
1553,10.15764652998875,7.943540559200922,6.541741813498145,7.933889534428988,2.8352857210524522,1.682550651700221,2.950604134626701,6,5.720751277785168,Beans,52.54567134841908,-6.676920727558161
1964,4.457386029173345,6.415800900054432,5.206752435088508,5.581948600775675,6.075666598549123,6.180229575330596,5.939796843626046,7,5.6939401403711045,Spring Barley,52.51560340628132,-6.365494653370998
1408,6.506448551123822,4.133273106584727,5.344784157263626,4.406374539456894,8.990930736785362,4.9582854131920095,5.483160860211184,7,5.689036766373946,Spring Barley,52.51597978985486,-7.082031126812892
4632,4.6877431768711535,7.076617241520026,4.079816093307183,8.454324672286052,3.598997143649388,5.687073858647744,6.129515820560608,7,5.6734411438345935,Spring Barley,52.90355182237555,-6.8369576165997605
4731,5.93251774442427,6.314391329994528,5.177464731166147,5.455735718674604,5.210436435755299,6.3546679056324455,4.8460083294793765,7,5.613031742160952,Winter Barley,52.96258637390815,-6.85128152217653
3127,6.7893462847654575,3.4601848249015714,9.357426641958268,3.466241604240741,6.410600271260886,4.09556081436127,5.540533208371226,7,5.588556235694203,Spring Barley,52.76508609116291,-6.795082606500565
1599,15.776687918055423,3.812237320592385,3.3778093009076406,3.6450757308800847,3.503299012540775,5.028354394548771,3.7521901455373015,7,5.556521974723196,Winter Barley,52.53966664766472,-6.569948308405382
831,8.013293130945756,4.276891335372227,6.063167019646932,5.812468574395345,4.623133406384732,4.120285657108518,5.981397855845488,7,5.555805282814142,Spring Barley,52.40844846283256,-6.801406194554083
4690,10.045367246138941,4.103300738149764,3.753467311625328,3.534165441001114,10.315332042267546,3.2402157633345956,3.2645066123455635,7,5.465193593551836,Winter Wheat,52.93321713337125,-6.894802522065162
3636,9.475924530314957,2.9325056718492104,7.514279513709631,2.9308367915015725,6.694302877217667,3.214596201907723,5.330808373845579,7,5.441893422906619,Beans,52.82785527583599,-6.963366648940615
1057,12.946767567493149,3.983512890345603,5.941070688972922,3.9000297914584707,4.279335719961108,2.7163773887630924,4.3223996851836155,7,5.441356247453994,Spring Oats,52.435140147472495,-6.539004890444845
2215,2.5321921551338122,7.276737787397988,2.646623720478073,7.894814792291059,2.710955735161577,8.61728911764795,6.384111942638674,7,5.437532178678447,Winter Oats,52.66018111237801,-6.9796716521787125
248,3.3876551462176208,7.220786336805087,3.2078435530946474,8.356095298268585,3.045342087670414,6.223716603041434,6.414258019083559,7,5.407956720597335,Spring Barley,52.3126733649047,-6.89378583091322
2881,7.385698023847029,5.35218678613575,4.424911735091569,6.87845683899717,5.264874765080824,3.635144945604672,4.867675079818243,7,5.401278310653608,Winter Wheat,52.71602952662018,-6.970610559418907
2702,6.27921197050715,3.102279361435266,8.846010609359721,7.148960324202144,3.9587285771003318,5.565624676988086,2.6149683254652545,7,5.359397692151136,Spring Barley,52.63116652738057,-6.479364256392735
2074,7.251809274999572,5.123472655359678,5.736610362477563,4.971407186282345,6.0450196487263375,3.0614315825871343,5.28823444971486,7,5.353997880021071,OSR,52.53575617527507,-6.25996886794875
875,7.2246084368337975,4.7100275896602755,4.79685004675436,5.1447935741001425,6.040368202547307,3.0316552534718952,6.2059203607220255,7,5.307746209155686,Spring Barley,52.47168600768584,-6.775872900780955
4815,7.699532212889059,3.664539089872009,5.433031851479996,4.248507195891917,5.322868167767611,3.759923769752135,6.814426928036875,7,5.2775470308128,Spring Barley,52.91256349458727,-6.272461724602418
1392,5.593714137596078,4.481717641102437,5.482652685717803,4.192074576433948,6.169163255887665,5.182506152052121,5.815839029382388,7,5.273952496881777,Winter Wheat,52.5957301512146,-7.082721059988378
2921,3.7520059071758696,4.359479560851349,3.4218281869603078,5.59517633382795,3.074547286587385,5.192655744787507,11.469969212062344,7,5.266523176036102,Winter Wheat,52.7445947932805,-6.909924203613098
4374,6.6981985580528285,1.6602711371928742,6.380882207600206,1.653730426784503,4.1871802029772445,4.718312566028684,11.470061903486394,5,5.252662428874677,Spring Barley,52.94691070665915,-7.033040384225725
2935,7.768516448874647,3.1307776894374006,5.502940047336626,3.6964588872755066,4.595109044068481,4.368228942358889,7.583237069645467,7,5.235038304142431,Maize,52.73121891557152,-6.934743312712726
4516,4.284971804189775,8.69600249241965,3.198552107582213,8.907705752154552,3.4026455046018085,3.8032998953142423,4.042584481324545,7,5.190823148226683,Winter Oats,52.97186871177422,-6.900341964268458
1150,5.597751487995914,3.8268311652309044,4.370565149420316,4.605184028127741,5.004288040066097,9.044752012052008,3.7819596005789533,7,5.175904497638847,Spring Barley,52.489251198811246,-6.480650461274898
889,3.2572078994640856,4.395361276187458,4.342799580615758,4.204717362584648,4.635478876515483,9.064297481466056,6.171924153457391,7,5.15311237575584,Spring Barley,52.47195750360938,-6.791120556383214
2049,3.1123334682725106,3.672670172139806,2.7776356425753113,3.6888991016716477,3.0992233041263892,5.381591982973474,14.325690802023985,7,5.151149210540447,Spring Barley,52.534029449886766,-6.382962013660481
4824,9.474132664590462,2.758641022513614,5.033557668908132,6.587068475891332,2.3873291102563443,2.5504747319185586,6.817759852870378,6,5.086994789564117,Winter Barley,52.91566921269844,-6.256874097986813
4848,3.966536565071087,6.078934777256505,4.112355792274177,5.978440931007745,4.231440318864416,4.392021126176649,6.506595430032595,7,5.038046420097596,Spring Barley,52.9173310743034,-6.27231090466581
3874,4.9376406907768216,4.740759248856844,3.8392635545531473,7.101410193863599,4.689929600933068,4.734426830621692,5.148732862733233,7,5.027451854619772,Winter Wheat,52.81656600615193,-6.898647632863535
1441,4.802428881702429,4.650893258316052,4.520811791745772,8.227040845484993,3.6700926285773554,3.722898315338658,5.426092755285922,7,5.002894068064455,Winter Barley,52.57622664006573,-6.889205954822343
1406,13.264373069195111,2.4093743064043527,6.111312904584782,2.991746875069966,4.219433296360619,2.451470842998075,3.3326241803702725,5,4.968619353569025,Spring Barley,52.51742532615365,-7.082879738114485
4706,11.01094585112745,3.855083444200967,6.151800433448741,3.868980726607369,4.841998720943373,2.4006060855923472,2.6319794795067963,6,4.9659135344895775,Winter Wheat,52.94596875900563,-6.870279475095661
33,5.464210159273023,5.462288336391122,1.8887173353088378,12.428724310219305,5.3404417006173,1.3635996817939349,2.6920101928614555,5,4.948570245209283,Spring Barley,52.33029862969479,-7.097961714710057
998,4.442222761759226,6.147709137303221,4.412198313919051,6.271612161176615,4.042036643044796,4.02567992256357,5.1623232938894965,7,4.9291117476651385,Spring Barley,52.417687236929545,-6.696721900849704
3935,5.192363692946949,3.5418698042716916,5.2679343232052265,3.4948861898325685,6.327508038092376,7.256936003637889,3.3228161744137568,7,4.914902032342923,Winter Wheat,52.88000757805131,-6.877250151119046
3503,5.4693788254446725,5.110754363513674,5.972046686381862,6.025589463582275,4.060034769659153,4.276340624459096,3.3910600283412773,7,4.900743537340287,Winter Wheat,52.77599538227436,-6.40152453492904
3345,3.6126101083581825,6.229690308674921,3.810092490874884,3.0037540287448494,4.585619522282044,4.338705014720963,8.615481845378756,7,4.885136188433514,Spring Barley,52.70718181467794,-6.587305982437539
4144,3.4154239379331504,3.4940580853852516,8.399059580363627,2.7120458967740992,6.563780152931344,4.21153187237338,5.306184809946737,7,4.8717263336725125,Winter Wheat,52.81028795089389,-6.698687170451219
3643,7.761817981358471,1.8279090029573313,6.149969813145618,1.7700952114700677,5.586113956007872,5.660932211514155,5.333404554474083,5,4.8700346758468,Spring Barley,52.84760891130696,-6.948807059494209
2323,5.641525233697542,2.6305718544218006,7.064322426685023,2.9361578388739513,7.204426765765668,2.666473649848232,5.932130579136671,7,4.867944049775555,Spring Barley,52.674970623779615,-6.885183988688275
3069,3.350853505795993,6.910296901167866,3.3433783528400154,6.4514225158855,7.018674931148223,3.5222816769920215,3.3921223632095194,7,4.85557574957702,Winter Wheat,52.7966439424806,-6.842486187319875
556,6.770393516819666,3.5234712702971067,6.584905032884845,3.717956748497975,4.606953827579781,3.4135436240981405,5.2431746806253425,7,4.837199814400408,Beans,52.40029305123692,-6.448073823110596
2734,4.051912192116889,1.7590854110824552,6.331828065759191,1.714067640559218,13.814038330539645,1.4246143360754,4.724521217053261,4,4.831438170455151,Maize,52.6132291176601,-6.47976897915336
2047,6.86907186835569,3.078581794779598,4.432777444332123,3.1810541243611685,2.6789423803003145,4.094673241239548,8.992262287493126,7,4.761051877265937,Spring Barley,52.532860134340886,-6.385226217731546
2256,10.417932569553534,2.378741716108468,5.055218692830207,2.5094595352866116,7.619434949403794,3.549418430846687,1.7252348553125643,5,4.750777249905981,Spring Barley,52.6083813344666,-6.989186177906646
2740,4.373729866642673,5.371622317668017,5.0022351429545875,4.674277868282343,5.2570078531797915,4.2271094518266175,4.338177755865912,7,4.749165750917134,Winter Barley,52.63516971751167,-6.485738069938904
3752,5.01564162825611,3.6956897078411055,6.191367914450872,4.391522213071747,4.2889066999494245,2.9259925902955226,6.727747026695932,7,4.748123968651531,Winter Oats,52.87294518602406,-6.933217042953314
4693,5.680845819551637,2.951620100285159,6.118324287755518,3.7114050044801807,4.975132557516215,2.823982684155488,6.878177391273201,7,4.7342125492882,Winter Oats,52.92438976425039,-6.893173282371779
2117,4.9207795395377785,3.9208149586603662,3.6261704076456978,7.0165902670570235,2.670105945201886,4.572549366445238,6.346709012190213,7,4.7248170709626,OSR,52.63378549061344,-7.099496078306682
1299,4.081085582557482,6.552490929129075,4.338874031531153,6.62743292552693,3.4961384905241797,2.3949426138867898,5.558148386872403,6,4.721301851432573,Spring Barley,52.47960509824812,-6.279851280193354
668,13.89817985992752,1.7825915545545283,3.86367376163394,1.900983168160008,3.663182311821408,1.9209000942139975,5.887076038411395,4,4.702369541246114,Spring Barley,52.36114083357597,-6.384990735924712
3955,3.59922792791136,3.3403600368716893,6.277743746572288,3.3738523610264024,3.6269155959952863,5.8274558546475905,6.33939719004426,7,4.626421816152697,Winter Wheat,52.88232711942135,-6.727941917960945
2294,5.3243271065913245,2.537177111885283,6.305052456412768,2.664622170624753,7.0189154741759,2.980297615630741,5.539171560140323,7,4.624223356494442,Spring Barley,52.64621526225118,-6.856921415852964
2887,4.855351730199956,4.419922648721889,3.821895587977743,4.528369452225144,5.437325793938165,5.074888694186995,4.2021995626602395,7,4.619993352844305,Winter Barley,52.71080055186705,-6.919809276249406
4290,6.061436194711753,5.162646639968112,3.5858929198680043,6.583345847747789,3.4351979499245844,3.0266605252125744,4.466303366724848,7,4.617354777736809,Spring Barley,52.85783999850013,-6.267008180836102
3247,4.158284143520136,6.728636923193727,4.047465496418654,4.083851375870538,4.913178419866317,4.763212160068182,3.625655384292437,7,4.617183414747141,Beans,52.7581717509684,-6.699061938354554
4572,2.631543218315206,6.463641486227366,3.663649307070786,7.8106824333426355,2.811739848782063,5.5692194395071715,3.0431441474750707,7,4.570517125817186,OSR,52.920985679957056,-6.916936150807469
1194,3.6575765004548515,5.145030981319043,3.3399643350680104,4.67245281050886,3.178202246187252,5.108894664384155,6.66240450358976,7,4.537789434501705,Spring Barley,52.40733173246135,-6.469902011591065
1600,5.666376624596323,4.601628884273372,5.428076768069909,4.422159799960552,5.180860088069382,4.208594657902473,2.2008239612573384,6,4.52978868344705,Spring Barley,52.54007600844645,-6.568172371100442
4400,3.1732592119441074,4.883107852304624,3.375419409153566,4.731450871644834,3.5685019955088007,4.469916424636792,7.406798805533278,7,4.515493510103715,Beans,52.954381567106935,-7.043484879533082
1646,5.9758737094360646,4.523156616684068,5.29758937706331,4.715015782116203,2.13069605887457,5.024130578836316,3.840446151701657,6,4.500986896387455,Potatoes,52.54621712611,-6.597324612076728
688,3.014059068164881,2.084145541616868,6.0111044582081945,2.0960930975790824,5.595337692068372,2.7939398821650077,9.851364290070684,5,4.4922920042675845,Spring Oats,52.38954232472744,-6.398433868002772
4622,7.06885548019568,3.286828302472452,4.587941707037472,5.806849094253892,2.962950631550111,3.05642237950248,4.535143023201514,7,4.472141516887657,Winter Barley,52.94227639648892,-6.96898381630076
4703,3.9694656821931895,3.7249376715239677,5.828642958457917,4.102643878408295,3.974364121647019,5.899546387080181,3.6986475245634383,7,4.456892603410573,Winter Barley,52.944389335681954,-6.873841164922569
4432,3.6071994294878427,4.212427914352742,3.550425230264075,6.8058259132829155,2.357806121659681,2.4614480762706687,8.200784758817315,5,4.456559634876463,Maize,52.93215993940386,-7.033335583834562
4047,5.778479252411165,1.8589112126375529,2.3379537633293728,1.8520861608612718,6.447780633340673,7.739139355517061,5.177769145766122,4,4.456017074837603,Spring Barley,52.85630204287676,-6.778221462595419
596,7.456668522605831,2.7373654543938803,3.033079772907674,2.4971916629905326,5.2446617628713685,5.7648881322740895,4.386568655638737,6,4.445774851954587,Spring Barley,52.36616073659079,-6.496576664067596
967,3.851611498084121,5.192023354908458,5.638290863007995,4.7964662534789415,5.214570907260071,3.0543841321006715,3.344065643377262,7,4.441630378888218,Spring Barley,52.4831103772738,-6.680635238044485
673,3.674408195656135,3.0750396421404513,6.60373620626862,3.2414035094263447,3.5565153453282936,4.246854212714692,6.380544974690532,7,4.396928869460724,Winter Wheat,52.35979247351071,-6.379166194673076
4545,7.483626381883438,6.342219198300748,2.6216573692420937,6.4454862426266075,2.5620350933248295,2.5137219135497473,2.715373505540983,7,4.383445672066921,Winter Wheat,52.90888296065491,-6.949793452830536
3192,4.319651083546459,4.592753234671691,3.9161169056507665,4.351481948490739,3.713351817782893,5.595271292163067,4.171721147166843,7,4.3800496327817795,Winter Wheat,52.760906885951,-6.7620522626578525
4054,3.7653670769760077,5.890055955711598,3.4810074618327405,4.791241038795664,2.1153700344695854,6.73522957552452,3.7587508504187888,6,4.362431713389844,Spring Barley,52.85779548453211,-6.746781538003851
1638,4.5678624904932255,3.053444560736553,2.7343300532130326,2.9567365237356253,8.509721304090721,2.0413624954618297,6.625935059267936,6,4.355627498142703,Potatoes,52.5486727717196,-6.5930053943459495
2454,3.035384403175334,3.093271305835613,3.785235885819851,2.89637038099222,4.889608171161297,3.0304277745092745,9.697085150976815,7,4.346769010352914,Spring Barley,52.67451187599619,-6.553930592189316
4174,3.478208899858925,5.731926149049648,3.322403509780539,4.542506851169166,4.468237485329632,3.456507951839209,5.418085980930832,7,4.345410975422564,Winter Wheat,52.86407939953018,-6.585484007561938
3359,7.050523464030892,3.9393023698311547,3.465000457594013,5.532424066093747,4.188366234859443,3.6765680137606847,2.3725372956797326,6,4.317817414549952,Beans,52.71957725356489,-6.521601184000086
2359,5.787591493339702,3.1091429793375127,4.692799600088521,3.1999830683125667,6.397556091889337,3.6673110346280966,3.211983758312754,7,4.295195432272641,Spring Barley,52.67598045720719,-6.694101774133856
3797,4.9520949344471905,2.925464642438407,7.1391253935548775,2.8276519299811698,4.206662204279745,3.4663085594326986,4.547042186257327,7,4.294907121484488,OSR,52.80654612119663,-6.860594631317815
1703,8.414599112354308,3.255083951873189,3.0196403879015477,3.411307117306912,2.7439938006280378,4.479412984979496,4.650920428908671,7,4.28213682627888,Spring Barley,52.56056612924997,-6.566516377225512
4628,3.2664770400820826,4.025002690356105,3.866284605618821,4.048619693525817,6.033719870948192,4.349203607211673,4.197102842540464,7,4.2552014786118795,Winter Wheat,52.9026798611175,-6.84889468965692
1700,7.071383603886125,2.336729937959194,5.616232675519269,2.397397102429795,4.013024695584854,2.3124183699442735,5.921824376539694,4,4.2384301088376,Spring Barley,52.55932035006338,-6.565396280967267
1186,4.219170040102569,3.602111810203717,5.137610626285161,3.646883791454101,5.002845225752153,4.6146155191523475,3.4222740784258088,7,4.235073013053694,Spring Barley,52.40446613686085,-6.486228828016649
1265,4.69750054553768,3.591637649210337,3.9933260116406615,3.5011141185366212,5.250180523500876,3.5872840978821285,4.942826402250833,7,4.22340990693702,Spring Barley,52.47385800655777,-6.299884257202978
1442,3.0851699614325576,6.635154015260188,3.0562343959634672,3.051319892962822,5.986161015119856,4.603135240073044,3.063544301694626,7,4.21153126035808,Winter Oats,52.57736173734568,-6.896419279120522
2507,3.195517366997354,3.2913064179839124,3.3421986952097478,2.909547120243832,8.014478734039692,2.3085935545174863,6.342020427476392,6,4.200523188066916,Spring Barley,52.69209910948352,-6.601085484670375
842,5.850782519124163,3.3560801159597395,6.6538882923043285,3.2924429170586915,3.0880712281419442,3.6083988228096726,3.5077694316301473,7,4.193919046718384,Winter Oats,52.48652270197599,-6.792290673992517
3269,3.0106930313831874,3.073039983397008,6.585197812410768,3.1820213735910743,3.817997937733867,6.471129014079971,3.2110676811882843,7,4.193020976254879,Spring Barley,52.74750668726018,-6.637988033045035
1971,6.913312670502794,1.877581512380136,3.236014387026742,1.8764730770893097,5.892668128701694,2.2574090846590997,7.288349101655689,4,4.191686851716495,Spring Barley,52.517157915390506,-6.384991510809975
2404,4.045410912582296,4.488045053839458,3.7014968566696003,4.421248613079453,5.16440311734597,4.0489598867551875,3.2833924799564,7,4.164708131461195,Spring Barley,52.60422655558736,-6.667760072635792
1651,5.008064618499153,3.460239064918158,2.591632565448142,3.542240356109288,3.1343308534190117,7.424732961254607,3.8909232449871523,7,4.15030909494793,Spring Barley,52.55337451982363,-6.590829366621859
3793,3.562060132463128,5.2086187513935345,3.371825485252928,5.571114251572545,3.6473688094407515,3.8749045962877404,3.740334745162801,7,4.139460967367634,Winter Wheat,52.80290249061273,-6.86025761964776
318,6.470503409682507,5.7280794999471825,3.021058095660151,5.37230855935523,2.7790170656016424,2.8775965043311387,2.66906069085298,7,4.13108911791869,Spring Barley,52.372485214427314,-6.7942661956254256
851,3.7548322968238,3.965255220533064,3.8015049573768978,3.731786429740641,4.176371008081127,3.7457551984231254,5.496991263807418,7,4.096070910683724,Spring Barley,52.45324839355372,-6.777802703877789
1082,4.950875426143826,2.781544264489725,6.182813022339514,6.664409920385772,3.000670741016719,2.568256763131979,2.4946238232410507,6,4.091884851535512,Spring Barley,52.44362912882548,-6.563545449589539
3020,2.2817905048786056,2.8328057241680846,1.9183582915778388,2.7828636146891808,2.2420653269728765,5.280170531685255,11.012010579579096,4,4.0500092247929915,Winter Wheat,52.74715981809069,-6.876428056361006
2213,5.813448701183052,4.888339811382008,3.196342366251891,7.428649518113866,3.395412211160648,1.6967601338967337,1.8761345390896986,5,4.04215532586827,Spring Barley,52.66207487342211,-6.956218948554093
3466,7.89873620946303,2.6692132855122837,3.828007359309417,3.3296221205159156,4.093389562166203,4.039035428381415,2.3790285548868204,6,4.033861788605011,Spring Barley,52.72211432669765,-6.457877648547894
2129,3.3068933332437105,4.6342990711425545,3.2878588830133597,4.980222414041101,3.81158720688399,4.0778217386909414,4.100916679821004,7,4.028514189548095,Spring Barley,52.606488736887066,-7.056267393486453
1768,5.699645690316584,4.108581845829066,4.266056925521324,3.457461743196881,5.932833196223992,1.5060393949254498,3.1711165243160724,6,4.020247902904196,Spring Barley,52.59083281454524,-6.565725130133873
4782,7.461105779634518,2.8078893328833554,2.9914565256983305,3.3344986418523574,3.8740962724526122,2.762310272525986,4.8681243940723755,7,4.014211602731362,OSR,52.92857934820668,-6.699130575788853
2466,3.2847284799358842,3.630945691601497,7.927723469009808,2.947395198727481,3.422089467362099,3.6867817682133155,3.0521222098359586,7,3.99311232638372,Spring Barley,52.673735127365,-6.517763482381965
320,2.6749686089805356,5.835486950768579,2.7280474666460015,3.5559014581373396,3.2392611930008326,6.28654036206568,3.624471093644432,7,3.9920967333204858,Spring Barley,52.37424150413533,-6.794529390304322
4404,2.050432249619742,3.5772837119089655,2.203951517209331,3.614645622923825,2.0970179895650705,6.896921993908826,7.4289962626492025,4,3.981321335397852,Winter Wheat,52.959281521641294,-7.024283443741578
3338,3.9846410905340504,2.816499766637978,4.1453732225623545,2.613384437067528,8.886792419909261,2.0817460283140696,3.3304380018503323,6,3.9798392809822247,Spring Oats,52.7726979105607,-6.632783255383056
196,3.535958373209452,4.053783694414109,3.3279919200519648,3.2714453975298197,3.04378057600638,6.812687420000157,3.796146712274912,7,3.977399156212399,Spring Barley,52.30659632251479,-6.90083214176738
1122,6.810176041345805,1.7616472687543647,4.267092726148906,1.6475538783439054,3.9287296479043823,5.253820453657636,4.159170210396086,5,3.975455746650155,Spring Barley,52.4929476169285,-6.44273376552636
3141,3.5206794421177765,3.7458968737628178,4.170507833043197,3.637819831024086,4.823126214284624,3.9546818548483866,3.967852877140228,7,3.9743664180315874,Spring Barley,52.75865903724025,-6.786923886980831
1676,5.657583243130891,3.965975591923071,2.767789635251805,3.1911975240681585,3.4271257070165797,2.693789126924431,6.01571187737233,7,3.959881815098181,Spring Barley,52.5579980038279,-6.573130344425516
355,4.933121933085612,2.8912577311707857,2.7634908903474864,2.9196286987940043,4.838151010049298,4.096422541986607,5.20043891612676,7,3.9489302459372224,Spring Barley,52.34771693818492,-6.794064980937867
3777,3.847331447556568,3.060254525619694,4.571695867944475,3.0894604416681326,4.967863090897728,3.8426683393016456,4.2065941314485364,7,3.9408382634909684,Spring Barley,52.81398686694303,-6.853937295412319
4467,2.0729967585773452,4.03019988549138,2.5539029873211665,8.15962862886853,2.0533818701053512,5.115097318231649,3.590891375701073,5,3.9394426891852135,Winter Oats,52.90158545558199,-6.972308563500622
2417,3.824797665460605,2.210960674302085,4.417045919704976,2.2302190910233275,8.330848847869696,3.314808963545771,3.048602369272501,5,3.9110405044541374,Winter Wheat,52.62526628187621,-6.656867096591368
4756,5.428747034059258,2.126919988658248,5.424123966917193,3.8739927671913765,2.240924578268063,2.37439651201763,5.883572813382763,4,3.9075253800706475,Winter Barley,52.924046821837386,-6.773879554072651
1437,2.991523539335864,5.1142915755013645,2.9129287612285215,5.993240138573811,4.752210018864815,2.5660135973905507,3.013676753456476,7,3.906269197764486,Winter Barley,52.57447669368694,-6.89786290380705
3716,5.0321199447756015,1.963796307850598,5.033437583615394,1.9653166846010373,5.478228005566293,2.917078073594367,4.924608795513733,5,3.9020836279310034,Spring Oats,52.87313191572854,-6.901732253170947
1131,3.323409948736834,4.037058831485785,3.4452137499460433,5.954316877247203,4.206193582338633,2.6385692611618023,3.6429027962083116,7,3.8925235781606586,Spring Barley,52.500529910997,-6.444822165759916
2174,2.04561028821577,4.5905265229894745,3.4912319048436347,6.4151186134571825,4.120814989310718,1.862424549987486,4.691755690132477,5,3.88821179413382,Spring Barley,52.64178096217502,-7.059943875301167
2054,4.029234360892862,3.939188706972339,3.8386482303801475,4.194869707841896,3.873739286427409,3.2078476274288206,4.107068516180511,7,3.884370919446283,Spring Barley,52.556580679870464,-6.368589307788207
1217,10.810633864022677,1.3363686671095054,6.714530510342008,1.355040480463993,2.857577926372984,1.171351364761358,2.9400043825183,4,3.8836438850844033,Spring Barley,52.42338081255296,-6.370064027325388
4081,4.3991251314046735,3.687457233724127,3.4659661238635047,3.7953458652127745,3.9385599848229336,3.1582957744707962,4.7187667854081505,7,3.8805024141295656,Winter Barley,52.84766477206176,-6.691101057318313
4206,1.8691374369838234,4.921111551052965,5.880606233391233,1.865157464449596,4.510252521959229,4.29404037583602,3.624938819702525,5,3.85217777191077,Winter Barley,52.83174779307654,-6.397787965043077
3092,4.940340254584793,2.497536806519301,5.932811718467176,2.710478917922593,3.9959375806734676,2.80906078818202,3.9867617078094373,6,3.8389896820226843,Winter Wheat,52.76899675727814,-6.848346586774444
3310,4.41128907449118,3.9535488699976398,4.640658888796933,4.787229270691648,4.2168314881466245,3.1126460972531866,1.7439002286293508,6,3.838014845429509,Maize,52.76031750456366,-6.677719974283769
4705,2.8695703129671073,3.805835608640131,3.1384795612605245,4.068336693080448,2.3128890302890777,6.404785748378317,4.199136665062011,6,3.8284333742396592,Winter Wheat,52.95274992218435,-6.87078513764534
3050,3.9677238562147767,3.1325206985686003,3.515653641020264,3.181045443363554,5.160290265634628,3.224055451410846,4.608502986186123,7,3.827113191771256,Beans,52.7814731035727,-6.8497571307765295
53,3.005342957791294,2.8073897882657173,2.5226893889662887,3.798707165458409,5.132754739199233,5.876778620667886,3.6404699350623715,7,3.8263046564873138,Potatoes,52.32927268733125,-7.087339835799089
2201,4.687805614840668,2.7569354228506047,2.878683962192052,2.6415031750716174,3.8262220653392838,2.275820777573446,7.668107563916818,6,3.8192969402549273,Spring Barley,52.64871790776681,-7.03708388557376
1820,3.397150456965329,5.42215662194202,3.6834603727735677,2.972391585292224,3.459347559966362,3.245708725602028,4.506287139086537,7,3.8123574945182956,Spring Barley,52.57041023779286,-6.493696935496649
921,4.044326166471804,1.8924826980747842,5.372375175510125,1.8105815131131335,7.563007740009938,1.8941644985812156,4.062834291232139,4,3.805681726141877,Spring Wheat,52.40755750292018,-6.774018103758304
1528,2.364226107327997,2.4316992077030566,2.651248842903523,2.5034200291606963,10.946448603947363,2.6091311635143244,3.1239141502150605,5,3.8042983006817175,Spring Barley,52.51692023520243,-6.685030565312429
2851,3.002649189817071,1.9903083422904069,9.635154284316194,2.3919193162794907,2.8468189558126302,4.2523307978151825,2.466358695256842,4,3.7979342259411166,Spring Barley,52.6997593220636,-6.2962089129759935
4539,4.008412064586468,3.3807937067744716,4.57478192636111,4.752715863020958,3.089795435510435,2.9281301292180797,3.8029154204370665,7,3.7910777922726555,Winter Oats,52.9057226359513,-6.96234575655747
1342,2.8587779888977543,5.126140700481226,2.7595007167596193,5.464121513224122,3.989026888909222,2.611732963376652,3.7278435671389745,7,3.791020619826796,Spring Barley,52.521387624114446,-7.167267251649756
174,2.5017011208364672,5.3068610485160095,4.509429678780092,4.817752352004039,1.9769150711373547,5.290281653714157,2.1028949039391285,5,3.786547975561035,Maize,52.33364381391288,-6.990270181237896
1420,2.6993195577167994,5.376118235879557,4.483459718932933,2.2570210568904283,4.005328126424938,3.2255927164113536,4.444807409714101,6,3.784520974567158,Spring Barley,52.542806684524095,-6.9693866144318735
1607,3.0834891813236704,2.329551204140498,7.955985910213595,2.3551872805088734,5.011688021062526,2.8230573016516782,2.9150668670885818,5,3.782003680855632,Spring Barley,52.54245167468972,-6.56598322219681
4102,10.70358952523601,1.479579317367077,2.443166936412423,1.7069533480740464,3.5689960513449046,1.7228660557797455,4.7264274082946125,3,3.764511234644117,Spring Barley,52.88535342684997,-6.668310597044288
4783,2.884626208060262,5.846145794911273,2.3025500860504495,4.895136796601848,1.7898606522268266,5.161706487350889,3.335304659005811,5,3.7450472406010507,OSR,52.92976276396304,-6.696392984716041
1291,4.41704811289716,2.5576318385095154,5.546206293268951,3.27200483924203,3.460231776829301,3.4943962937069077,3.416978961398678,7,3.737785445121791,Spring Barley,52.47868489551944,-6.283496102877417
236,3.9508843117418424,4.060535840370264,3.987584389539615,4.11444288307789,3.7930345513131227,3.4699676344836066,2.775690847511757,7,3.736020065434014,Spring Barley,52.3314698826759,-6.888990004077119
3465,4.282546672214833,2.446462297430289,5.326037091269626,2.510931077374709,4.149842658755324,4.912469279398576,2.48370678856466,5,3.730285123572574,Spring Barley,52.71753934276871,-6.460036151835372
4158,2.698313108157604,3.5407063159437833,5.432492488978866,3.11276815082037,3.2874508804723024,5.040832792025428,2.9839061454532034,7,3.7280671259787943,OSR,52.86717381163511,-6.590021862570413
3373,2.980035577604865,4.877181845863651,2.818929679697651,4.949515526809264,4.780320887123016,2.2945679476650054,3.3823751691699955,6,3.726132376276207,Spring Barley,52.72426160530024,-6.54959750179577
3854,4.680918261027519,3.2301733094004423,3.6694018398694053,3.346000070113083,2.0859406527674227,3.1846985503845175,5.793695372261072,6,3.712975436546209,Winter Wheat,52.81409557180926,-6.837712878566567
2553,6.3624448732106575,1.7073392873549533,6.337873408878859,2.1319802368680505,5.3992708415172705,1.8062368463310838,2.2112129012682966,3,3.708051199347025,Spring Barley,52.70119259304032,-6.564317833684757
3242,7.694804572119684,3.2998015698357404,2.097770616895489,3.2411723019301384,2.2535546652648506,3.0245972754225243,4.270553292901375,5,3.6974648991956864,Spring Barley,52.74955502300114,-6.670637073193764
4620,3.661068221348941,3.3389869863429706,3.6838906339359525,2.351553951927839,2.500105954209649,3.227084748308346,6.990416368265966,6,3.6790152663342375,Spring Barley,52.9486428024995,-6.968782633147145
4265,5.802551587203608,1.9308876900818495,4.565094454716686,1.946264906662232,4.88118338403618,2.053324543290556,4.551786893389712,4,3.67587049419726,Spring Barley,52.8920898435823,-6.210797040001582
2303,1.9503408954001842,5.313277958410585,4.304735842294026,8.630252173734835,1.5510843115094657,2.111480605392535,1.8480684483622734,3,3.6727486050148435,Winter Barley,52.69582802217291,-6.844852057710668
4288,2.9897999433880114,4.964455323577444,2.9917225505619442,4.53588299177268,3.8714211573452415,3.193690695715772,3.0783341271249616,7,3.6607581127837223,Spring Barley,52.85707196024104,-6.267470034365172
235,1.5528240906556885,1.6481716904274717,7.20642855130208,1.7066775823949984,3.1352162149210443,5.4366474216567875,4.90931899245253,4,3.656469220544371,Spring Barley,52.32021494703405,-6.883071044780973
2660,4.238539224230424,4.719144957296295,2.7374204225814007,4.414407389119501,1.8181570717124829,5.231565624515932,2.405874920234821,5,3.6521585156701226,Potatoes,52.700686338927255,-6.4649170493347
2880,6.1492590839377765,1.754080888684551,3.3565752257991535,1.9357009792849467,3.83817920294798,1.9579306442490854,6.554298048668374,4,3.649432010510267,Winter Oats,52.70930493319708,-6.984092039325869
4802,3.3586413459568982,4.022856876102353,2.726365587869377,3.789699908351944,4.321466178066626,4.9899816797044405,2.2570305586731036,6,3.6380060192463914,Potatoes,52.9067881620125,-6.6590002792488105
3619,3.0443667145025586,1.495113802433816,7.250441351558509,1.5371512775367184,4.311605996631213,6.126593248417681,1.6693036929863323,4,3.633510869152404,Winter Wheat,52.815321977414406,-6.904831741074986
4405,6.31911744971381,4.167747899628534,2.4982912432829236,5.303731791825678,2.383111032430657,2.405953849729861,2.335319428709165,3,3.6304675279029466,Winter Wheat,52.95787778820664,-7.022642801675056
4114,3.0066832646598844,2.4222709414334385,5.509206693030625,7.756525246811272,2.4954317391426195,2.2520086378829007,1.9395418067594519,3,3.625952618531456,Winter Wheat,52.86585015669287,-6.677131344134286
3775,3.779832138130593,4.064979764201982,2.7644176041953235,3.487730174350509,3.304509485391577,3.7325111750960245,4.237805707390049,7,3.6245408641080084,Spring Barley,52.81099396444075,-6.846195117653004
4086,3.512469369585445,3.5210948974366914,3.2904558721880006,4.448631255379991,4.028143684738318,3.4943979286423787,3.0748664657523617,7,3.6242942105318834,Spring Barley,52.88574815667997,-6.679715034159397
797,3.0445208295576296,2.4548510529453718,2.228963699756624,6.389526906628357,2.222758283761614,6.933245343831351,2.066376062942067,3,3.620034597060431,Spring Barley,52.40968141661047,-6.96443951346813
3004,3.48972061862724,2.9208712365817746,3.580525796072529,4.446224453247446,3.286954584802503,3.4000009820691797,4.215808709417324,7,3.620015197259714,Winter Barley,52.74990690671351,-6.89364762086744
1814,5.798509419456066,0.7569140140253164,9.118391715908121,0.6850714651260935,7.552160029280207,0.5882195044946328,0.8315993178009384,3,3.6186950665844826,Spring Barley,52.57206369829532,-6.49346491529872
4164,1.9459230098195375,8.060804114994768,3.3287157556477673,2.4081841095391705,3.451078534080776,1.8296818955254115,4.273305178510338,4,3.6139560854453956,Spring Barley,52.82017693673817,-6.585978603022102
2644,2.852493838047892,2.451947718265131,6.040171285683495,2.242456314003745,6.241350050078143,2.4601098109885973,3.0067292685393383,4,3.613608326515192,Spring Barley,52.6805789176413,-6.397190261914322
1196,2.32567418858134,4.545056138273051,2.4054423287712896,4.504585219679859,3.09661575148933,4.2551036974148815,4.136796086238581,5,3.6098962014926195,Spring Barley,52.40734940519554,-6.463276928002547
2218,4.512314706116619,2.646900937831118,3.663472776303239,2.5988070075265477,3.030302326451711,2.6168605858760947,6.027443692958657,7,3.5851574332948544,Winter Oats,52.66836231543565,-6.969749684401974
1144,4.718842105591487,3.9719052638283046,3.238538257899287,2.42029806258183,3.0211449890431017,4.131567356485141,3.5609407074207575,6,3.580462391835702,OSR,52.4895157154192,-6.47270414357722
479,1.3012833692352421,3.7518430198721573,5.1660974284282535,3.2474000799538967,3.263989297217776,1.5112711128013658,6.726216662268319,5,3.5668715671110016,Spring Barley,52.39157980558692,-6.535960761828678
3386,4.513690372479906,3.8302598289661045,3.0760917245888177,4.2459865866257065,3.9422393353941176,1.7539420137136168,3.583816711440075,6,3.5637180818869063,Spring Barley,52.74509144138347,-6.539098764487861
1898,5.053065811403378,2.7371347230118963,3.580948565242435,3.333866727271677,4.334199603937811,2.6605984392052258,3.243270261418521,7,3.563297733070135,Spring Barley,52.52102442781618,-6.485938068575765
1301,2.7886593104851056,2.9064770249370135,4.1849635795986915,3.129990581724765,2.634828357169512,3.9678787250272998,5.283372567991497,7,3.556595735276269,Spring Barley,52.481666735859605,-6.277594531675323
1895,3.172118330164732,3.0168090741083193,5.265908332313001,3.0301702063650264,4.6615648254052875,2.3465978858832495,3.3307959593547616,6,3.546280659084911,Spring Barley,52.51261637103453,-6.475577181949363
857,3.485161737459845,2.5062613887943703,2.307769913700438,2.123475200881741,5.795354564336746,5.418644197560712,3.1383766847249115,5,3.5392919553512523,Spring Wheat,52.44552332683275,-6.77129747947301
1335,4.851547273214276,3.9259649726040764,1.5094414285977233,3.9024290287706593,4.830959133878414,1.6358631358325177,4.058420307983596,5,3.530660754411609,Winter Oats,52.52045632408107,-7.139141524981664
1044,4.696102401564773,2.686716901224316,3.4008214775456045,2.7836030427118352,4.835962694540897,1.7042931038053237,4.580534725633718,6,3.5268620495752097,Potatoes,52.42100777256979,-6.566577626801234
772,2.863117402830328,5.196037729802938,2.9788983982218507,4.546535624031886,2.8716535971855732,3.553401902696776,2.6489175486906955,7,3.5226517433514357,Spring Barley,52.44433711993553,-6.994804707170238
4694,2.8664578651023906,3.0912005334173003,2.621087461933351,2.316352232408044,4.485223589815365,5.783758201668316,3.4594922402409964,6,3.5176531606551094,Spring Barley,52.942662844895736,-6.850701083849336
1304,2.777771982894396,5.467118629552652,2.708113614506174,3.7318389961843916,3.3322465079221852,3.6272971906621927,2.9674323576076516,7,3.515974182761378,Maize,52.48486473332023,-6.274426847072808
1228,3.8222969726790703,3.610408796040115,3.5927911062283964,3.1646657056276326,3.922887757912771,2.918140286215627,3.575964288314331,7,3.515307844716849,Winter Barley,52.43213867643158,-6.391517667728591
723,1.9117894297635385,3.80616228294835,2.114558985144172,3.7954575570584628,3.0661740486099283,6.0055139008249006,3.886391562967204,5,3.51229253818808,Spring Barley,52.47417253570506,-7.083674474771918
4276,2.7192584665309236,3.1328608094561163,3.1932632043894467,3.3913997059469256,3.0665800560118313,5.543800095132353,3.515294367862674,7,3.508922386475753,Winter Barley,52.856458887686834,-6.200293125227776
3796,1.7391331214237022,5.115130046673419,1.8517890368629248,4.920010407246199,8.044526193120817,1.117841016536214,1.7367140769730198,3,3.503591985548042,Winter Wheat,52.8045911583551,-6.847237960255892
1232,3.997983257209413,3.2669289864157296,4.357326217672,3.3099471623577155,3.188659180765981,3.38182950565862,3.0087256747104654,7,3.5016285692557036,Winter Barley,52.4346042934444,-6.39579618214807
1492,8.70091710355223,1.4123109230610162,1.5671860510807407,1.4090695135647957,5.104962545166908,3.131383784091334,3.1104737143491064,4,3.4909005192665896,Spring Barley,52.52271643306391,-6.692571496471301
690,3.9797820599515124,3.3769266175753154,3.772948505952356,3.470715258146326,4.4469679666822755,2.3212537644668485,3.051542242435361,6,3.4885909164585707,Spring Barley,52.394950613277175,-6.399787918620486
3842,3.571395319725067,4.84725482571502,2.637913684295609,5.2724853868791035,2.8380347915194553,2.306443187782357,2.7745171283820578,6,3.4640063320426675,Winter Oats,52.80763754380572,-6.807660350659183
2562,2.9852967329420137,2.162607155587609,2.846034338493158,1.8446659337481774,5.346160216289507,1.104693259112036,7.900259308647782,4,3.455673849260041,Spring Oats,52.69564351216874,-6.5520221393382005
2535,4.409030971011598,2.4746781425867836,4.60919581598588,2.874462279091536,4.667722174743228,3.0232596673492154,2.0632131517795957,5,3.445937457506834,Winter Barley,52.685117012822495,-6.581687842754451
1269,5.708893873310094,0.9120359453136788,5.724130683883944,0.8896278654475948,3.2326023541612834,2.460179527055894,5.15087721038616,4,3.4397639227940924,Spring Barley,52.47246196980597,-6.300689739333129
1976,3.4496229874161557,3.3827415670922796,3.228873723343446,3.3260480431339725,3.2181246336146185,3.8775440141085706,3.588362381017331,7,3.438759621389482,Spring Barley,52.51850066025029,-6.383562348965137
3405,3.424974343216226,3.3666785447640333,2.2710257298194043,2.8448222197094646,5.191313465797879,1.793799810301982,5.163889227424439,5,3.4366433344333474,Winter Wheat,52.753515641671136,-6.54931772489052
2322,3.304810875962134,3.4991375534591067,3.287989601817382,4.293677434749817,4.167158519189307,2.357955558733798,3.115405333116857,6,3.4323049824326293,Spring Barley,52.67139789593314,-6.88315696462353
894,2.198317090900871,4.8081797110920395,1.8689213373321416,4.421553820022573,2.0074504435688763,4.587957668853807,4.108538890437121,4,3.428702708886776,Winter Oats,52.490101354149736,-6.798173860831229
3864,4.924216466352701,2.007945975625785,5.141032015365368,2.0657707132468204,2.764380274309272,1.9969235808613588,5.071489354144171,4,3.4245369114150677,Winter Wheat,52.81230112182772,-6.839686177918698
181,2.2720234044531673,1.858956825445155,7.339888877479562,1.94163270520131,3.8625417973523803,3.1343338119519153,3.558779881016013,4,3.424022471842786,Spring Barley,52.32671854630373,-6.894196826639532
3749,3.5207156419396344,2.9455575324852754,4.763744458901109,3.52773013528311,2.99161495665308,3.137562351842754,3.0664843023452097,7,3.4219156256357386,Spring Barley,52.87124586430797,-6.965631294007992
2244,3.21051504760391,2.3077593515794512,5.62707961797101,2.274410832696417,3.4720118799058626,3.4752916797145206,3.576473685070621,5,3.4205060135059706,Winter Oats,52.69075150504594,-6.986667392172845
2245,1.803713482814798,4.443543800661811,2.739553405381589,2.837117779173526,5.776598665620059,3.6025364458841587,2.739994388300225,6,3.420436852548024,Winter Barley,52.69086308618693,-7.0020965234234565
4004,2.6958754108868397,3.1878194008609833,2.334964717889931,3.1750416353497783,3.0379996742544675,3.2822496580482214,6.216116352345944,6,3.418580978519453,Spring Barley,52.82543376951379,-6.755505886173792
163,3.410611969783524,4.798423086224464,3.681111719611974,4.837803257109417,1.4539989458953488,1.4369323705788128,4.1865059091780985,5,3.400769608340234,Spring Barley,52.33901275469896,-6.9522587787044285
220,3.9838854811468543,2.143663583127807,5.260222907491011,2.2433095505963196,4.025842924279247,2.0697094874700794,4.023836614222023,4,3.39292436404762,Spring Barley,52.34601601385712,-6.89929582889824
3343,4.582273983050173,1.5442131193779385,7.75901218931054,2.303478230401073,3.9452657890381313,1.6274556139152652,1.9571848007747836,3,3.388411960838272,Spring Barley,52.774388230881314,-6.684320671546133
1141,1.8535763096880133,4.658411053372433,2.4685220718454453,5.385288611401623,3.359987159034986,1.705119174695462,4.2753947474253415,4,3.3866141610661864,Spring Oats,52.48867416891117,-6.4675223646821465
1943,2.8093076128585843,5.289714852992802,2.6240471004499857,3.390851906693652,4.585990854214247,2.8390066544628927,2.1244355641239143,6,3.3804792208280108,Winter Wheat,52.50388288899221,-6.395470129560481
4763,6.140542414583993,4.733801763643191,1.8291522875090396,5.393893572067113,1.850213286941868,1.7768303227336824,1.9038078108314662,3,3.375463065472908,Winter Barley,52.93794808486868,-6.7968601257474015
505,2.598191291267617,5.354679098139192,2.3806933398149726,3.4171774137431936,1.8375918586723232,2.130284475737231,5.806330393435453,4,3.36070683868714,Spring Barley,52.39967336312925,-6.525695022967639
792,7.424376512521311,2.4937301427473515,2.168203480325869,2.520209426747912,2.7923386858301513,2.8698377499834336,3.19736238050841,5,3.3522940540949193,Spring Oats,52.40081815264407,-6.969448768491099
199,2.436154914914441,2.630208810278463,2.0986904292833435,2.610738505865912,2.4026914444783105,7.187655096918722,3.920780587501974,4,3.326702827034452,Spring Barley,52.32484175464844,-6.9000066458477045
2468,3.1742071078211107,3.584506305106308,3.0509902225350016,4.096603338456168,2.8968373642396203,3.9315491673852434,2.5164417283859644,7,3.321590747704202,Winter Oats,52.67612644752124,-6.506622340529298
2433,4.799563432729292,2.5272362327249986,4.107782873495699,2.273637970082297,3.4977734167413286,1.9261528184809256,4.0189320155352855,5,3.307296965684261,Spring Barley,52.6355811584062,-6.648544660571065
1498,2.3292006001415455,3.1080365757521675,2.276490058494951,2.0886416894035507,4.763399186582738,6.315719834135821,2.261046671314321,3,3.3060763736892995,Maize,52.518246695218615,-6.6910868402016455
